{"cameraMode":{"drawMode":0,"name":"Shaded","section":"Shading Mode"},"sceneLighting":false,"audioPlay":false,"sceneViewState":{"m_AlwaysRefresh":true,"showFog":true,"showSkybox":false,"showFlares":true,"showImageEffects":true,"showParticleSystems":true,"showVisualEffectGraphs":true,"m_FxEnabled":true},"in2DMode":false,"pivot":{"x":-0.07395613193511963,"y":1.0314017534255982,"z":-46.42601776123047},"rotation":{"x":-0.07397853583097458,"y":0.9028528332710266,"z":-0.17270958423614503,"w":-0.38673102855682375},"size":1.2719097137451172,"orthographic":false}